City_ID,City,Country,Date,Lat,Lng,Max Temp,Humidity,Cloudiness,Wind Speed
0,Bredasdorp,ZA,2021-05-25 20:24:56,-34.5322,20.0403,52.92,76,72,6.33
1,Padang,ID,2021-05-25 20:24:08,-0.9492,100.3543,78.06,88,91,4.0
2,Cape Town,ZA,2021-05-25 20:24:56,-33.9258,18.4232,58.12,79,0,5.08
3,Atuona,PF,2021-05-25 20:24:57,-9.8,-139.0333,79.86,64,40,14.94
4,Ushuaia,AR,2021-05-25 20:24:47,-54.8,-68.3,31.66,86,90,21.85
5,Kodiak,US,2021-05-25 20:24:57,57.79,-152.4072,49.51,76,1,6.91
6,Arraial Do Cabo,BR,2021-05-25 20:24:57,-22.9661,-42.0278,71.46,60,0,3.44
7,Rocky Mountain House,CA,2021-05-25 20:24:58,52.3668,-114.9188,51.91,62,100,5.75
8,Puerto Ayora,EC,2021-05-25 20:24:58,-0.7393,-90.3518,85.96,87,39,8.99
9,Upernavik,GL,2021-05-25 20:24:59,72.7868,-56.1549,35.71,85,88,6.89
10,Kudahuvadhoo,MV,2021-05-25 20:24:59,2.6708,72.8944,83.86,74,100,22.44
11,Pacific Grove,US,2021-05-25 20:24:59,36.6177,-121.9166,82.15,73,1,10.0
12,Challapata,BO,2021-05-25 20:23:08,-18.9,-66.7667,53.62,25,0,6.71
13,Ostrovnoy,RU,2021-05-25 20:21:08,68.0531,39.5131,34.36,78,9,5.59
14,Bonthe,SL,2021-05-25 20:25:00,7.5264,-12.505,80.78,83,100,5.55
15,Tecoanapa,MX,2021-05-25 20:25:00,16.5167,-98.75,89.65,49,72,11.56
16,Pisco,PE,2021-05-25 20:25:00,-13.7,-76.2167,68.05,83,93,9.22
17,Laredo,US,2021-05-25 20:25:00,27.5064,-99.5075,96.8,46,20,11.5
18,Albany,US,2021-05-25 20:20:14,42.6001,-73.9662,82.62,55,97,6.51
19,Chapais,CA,2021-05-25 20:25:01,49.7834,-74.8492,60.58,93,100,11.77
20,Hilo,US,2021-05-25 20:21:36,19.7297,-155.09,83.8,74,20,13.8
21,Cidreira,BR,2021-05-25 20:25:01,-30.1811,-50.2056,63.82,53,0,11.52
22,Jamestown,US,2021-05-25 20:25:03,42.097,-79.2353,85.08,53,90,3.0
23,Haines Junction,CA,2021-05-25 20:25:04,60.7522,-137.5108,51.75,58,91,3.44
24,Port Elizabeth,ZA,2021-05-25 20:25:04,-33.918,25.5701,63.1,88,75,12.66
25,San Andres,CO,2021-05-25 20:23:25,12.5847,-81.7006,87.82,66,75,14.97
26,Bertoua,CM,2021-05-25 20:25:04,4.5833,13.6833,70.34,89,99,3.58
27,Khatanga,RU,2021-05-25 20:25:05,71.9667,102.5,30.74,97,100,6.22
28,Biltine,TD,2021-05-25 20:25:05,14.5333,20.9167,88.45,6,0,5.61
29,Muros,ES,2021-05-25 20:25:05,42.7762,-9.0603,58.08,64,100,11.83
30,Mataura,NZ,2021-05-25 20:25:06,-46.1927,168.8643,32.34,71,83,3.06
31,Tuktoyaktuk,CA,2021-05-25 20:25:06,69.4541,-133.0374,32.0,80,90,9.22
32,Nouakchott,MR,2021-05-25 20:25:06,18.0858,-15.9785,75.13,62,4,23.15
33,Hermanus,ZA,2021-05-25 20:25:07,-34.4187,19.2345,57.9,75,97,8.28
34,Severo-Kurilsk,RU,2021-05-25 20:25:07,50.6789,156.125,38.14,93,100,12.84
35,North Branch,US,2021-05-25 20:25:07,45.5113,-92.9802,87.49,44,0,16.24
36,Vao,NC,2021-05-25 20:25:08,-22.6667,167.4833,71.83,53,29,19.15
37,Bluff,NZ,2021-05-25 20:25:08,-46.6,168.3333,39.72,70,46,7.14
38,Masallatah,LY,2021-05-25 20:25:08,32.6167,14.0,63.36,91,8,11.32
39,College,US,2021-05-25 20:25:08,64.8569,-147.8028,69.48,34,40,12.66
40,Kiama,AU,2021-05-25 20:25:09,-34.6833,150.8667,59.25,65,64,5.99
41,Norman Wells,CA,2021-05-25 20:25:09,65.282,-126.8329,59.04,21,20,10.36
42,Xichang,CN,2021-05-25 20:25:09,27.8964,102.2634,64.87,83,94,1.99
43,Buraydah,SA,2021-05-25 20:25:10,26.326,43.975,88.25,12,0,11.36
44,Tiksi,RU,2021-05-25 20:25:10,71.6872,128.8694,30.04,85,40,1.03
45,At-Bashi,KG,2021-05-25 20:25:10,41.1702,75.8106,55.65,47,100,2.62
46,Vaini,TO,2021-05-25 20:25:11,-21.2,-175.2,68.16,94,90,5.75
47,Sao Joao Da Barra,BR,2021-05-25 20:25:11,-21.6403,-41.0511,73.49,66,65,12.5
48,Imeni Zhelyabova,RU,2021-05-25 20:25:11,58.9544,36.5956,43.99,80,100,6.42
49,Pietersburg,ZA,2021-05-25 20:25:11,-23.9045,29.4688,54.45,62,9,2.3
50,Rikitea,PF,2021-05-25 20:20:26,-23.1203,-134.9692,76.17,81,61,9.91
51,Carnarvon,AU,2021-05-25 20:25:12,-24.8667,113.6333,50.07,76,81,10.36
52,Georgetown,MY,2021-05-25 20:24:54,5.4112,100.3354,83.89,82,20,3.44
53,Avarua,CK,2021-05-25 20:25:12,-21.2078,-159.775,78.85,94,40,6.91
54,Busselton,AU,2021-05-25 20:25:13,-33.65,115.3333,45.05,77,100,9.33
55,Abu Samrah,SY,2021-05-25 20:25:13,35.3029,37.1841,74.01,38,0,9.62
56,Krasnoselkup,RU,2021-05-25 20:25:13,65.7,82.4667,28.53,78,15,6.6
57,Mopti,ML,2021-05-25 20:25:14,14.6667,-4.0,97.65,25,100,13.0
58,Srivardhan,IN,2021-05-25 20:25:14,18.0333,73.0167,83.08,75,99,8.43
59,Namatanai,PG,2021-05-25 20:25:14,-3.6667,152.4333,78.06,88,100,4.16
60,Cape Girardeau,US,2021-05-25 20:25:14,37.3834,-89.7168,89.08,57,87,11.92
61,Dwarka,IN,2021-05-25 20:25:15,22.2394,68.9678,83.5,82,0,17.34
62,Saint-Louis,SN,2021-05-25 20:25:15,16.3333,-15.0,101.71,13,96,11.48
63,Kapaa,US,2021-05-25 20:20:46,22.0752,-159.319,82.47,67,1,1.99
64,Winnemucca,US,2021-05-25 20:25:16,40.973,-117.7357,75.25,17,20,17.29
65,Sadiqabad,PK,2021-05-25 20:25:16,28.3062,70.1307,97.05,17,0,5.55
66,Leningradskiy,RU,2021-05-25 20:25:16,69.3833,178.4167,33.55,86,86,7.9
67,Punta Arenas,CL,2021-05-25 20:24:30,-53.15,-70.9167,37.51,75,20,16.75
68,Saint-Philippe,RE,2021-05-25 20:25:17,-21.3585,55.7679,71.15,83,51,9.6
69,Haicheng,CN,2021-05-25 20:25:17,40.8516,122.7475,54.97,41,97,8.08
70,Bitung,ID,2021-05-25 20:25:17,1.4451,125.1824,76.05,81,96,3.13
71,Radcliff,US,2021-05-25 20:25:18,37.8404,-85.9491,88.18,40,90,1.01
72,Ancud,CL,2021-05-25 20:25:18,-41.8697,-73.8203,49.42,95,100,12.82
73,Luderitz,NA,2021-05-25 20:23:04,-26.6481,15.1594,61.03,80,0,13.42
74,Port Lincoln,AU,2021-05-25 20:25:18,-34.7333,135.8667,56.79,60,68,18.14
75,Srandakan,ID,2021-05-25 20:25:19,-7.9386,110.2506,75.88,93,94,4.43
76,Bengkulu,ID,2021-05-25 20:25:19,-3.8004,102.2655,77.16,86,53,3.89
77,Mount Gambier,AU,2021-05-25 20:25:19,-37.8333,140.7667,48.11,81,75,13.8
78,Damara,CF,2021-05-25 20:25:20,4.9608,18.7035,83.62,59,14,3.71
79,Tasiilaq,GL,2021-05-25 20:25:20,65.6145,-37.6368,35.76,89,100,48.9
80,Qaanaaq,GL,2021-05-25 20:25:20,77.484,-69.3632,33.08,76,0,5.37
81,Te Anau,NZ,2021-05-25 20:25:21,-45.4167,167.7167,34.68,79,95,1.12
82,Jind,IN,2021-05-25 20:25:21,29.3167,76.3167,89.49,20,0,7.25
83,Dikson,RU,2021-05-25 20:25:21,73.5069,80.5464,16.12,96,66,5.82
84,Caravelas,BR,2021-05-25 20:25:22,-17.7125,-39.2481,76.26,82,40,7.65
85,Hobart,AU,2021-05-25 20:21:58,-42.8794,147.3294,51.06,79,0,1.01
86,Souillac,MU,2021-05-25 20:25:22,-20.5167,57.5167,75.58,83,75,7.9
87,Rosita,NI,2021-05-25 20:25:22,13.9268,-84.4032,77.58,96,100,2.82
88,Copala,MX,2021-05-25 20:25:23,16.65,-98.9833,90.19,47,59,10.85
89,Barrow,US,2021-05-25 20:25:23,71.2906,-156.7887,26.62,80,90,6.91
90,Potosi,BO,2021-05-25 20:25:23,-19.5836,-65.7531,54.75,21,68,3.62
91,Wapi Pathum,TH,2021-05-25 20:25:24,15.8452,103.3768,81.32,81,100,7.34
92,Mahebourg,MU,2021-05-25 20:25:24,-20.4081,57.7,75.49,83,75,12.66
93,Coquimbo,CL,2021-05-25 20:25:24,-29.9533,-71.3436,60.53,77,0,4.94
94,Bilibino,RU,2021-05-25 20:25:24,68.0546,166.4372,39.58,77,100,5.35
95,Thompson,CA,2021-05-25 20:25:25,55.7435,-97.8558,28.56,86,90,14.97
96,Longyearbyen,SJ,2021-05-25 20:25:25,78.2186,15.6401,28.24,80,75,11.5
97,Saskylakh,RU,2021-05-25 20:25:25,71.9167,114.0833,43.41,63,100,4.14
98,Chuy,UY,2021-05-25 20:25:26,-33.6971,-53.4616,59.81,66,1,11.43
99,Tuatapere,NZ,2021-05-25 20:25:26,-46.1333,167.6833,37.36,69,71,5.3
100,Butaritari,KI,2021-05-25 20:25:26,3.0707,172.7902,81.34,80,100,15.43
101,Marienburg,PL,2021-05-25 20:25:27,54.0359,19.0266,54.88,88,100,6.91
102,Zeya,RU,2021-05-25 20:25:27,53.75,127.2667,38.21,85,100,4.27
103,Stornoway,GB,2021-05-25 20:25:27,58.2093,-6.3865,49.96,76,20,12.66
104,Kuznetsk,RU,2021-05-25 20:25:27,53.1167,46.6004,51.21,90,0,6.49
105,Sitka,US,2021-05-25 20:25:28,57.0531,-135.33,48.09,81,90,4.61
106,Belyy Yar,RU,2021-05-25 20:25:28,53.6039,91.3903,57.09,82,40,6.6
107,Klaksvik,FO,2021-05-25 20:25:28,62.2266,-6.589,50.92,91,97,16.08
108,Lazaro Cardenas,MX,2021-05-25 20:25:29,17.9583,-102.2,87.3,47,100,11.34
109,Zalantun,CN,2021-05-25 20:25:29,48.0,122.7167,41.49,71,6,6.42
110,Tukrah,LY,2021-05-25 20:25:29,32.5341,20.5791,72.72,52,0,11.36
111,Port Alfred,ZA,2021-05-25 20:25:29,-33.5906,26.891,63.86,91,85,11.1
112,Torrelavega,ES,2021-05-25 20:25:30,43.3494,-4.0479,56.8,80,16,1.01
113,Saint-Francois,FR,2021-05-25 20:25:30,46.4154,3.9054,51.24,82,0,3.44
114,Touros,BR,2021-05-25 20:25:30,-5.1989,-35.4608,81.5,75,97,12.77
115,Esperance,AU,2021-05-25 20:25:31,-33.8667,121.9,48.04,82,36,9.06
116,Isabela,PH,2021-05-25 20:22:31,6.7085,121.9711,80.2,85,99,3.13
117,Rawson,AR,2021-05-25 20:20:54,-43.3002,-65.1023,51.03,35,35,7.34
118,Aklavik,CA,2021-05-25 20:25:31,68.2191,-135.0107,39.92,75,90,9.22
119,Pevek,RU,2021-05-25 20:25:31,69.7008,170.3133,31.5,79,98,3.85
120,Torbay,CA,2021-05-25 20:25:32,47.6666,-52.7314,53.58,61,90,26.46
121,Visnes,NO,2021-05-25 20:25:32,59.3556,5.2242,58.89,58,40,8.05
122,Castro,BR,2021-05-25 20:25:32,-24.7911,-50.0119,58.91,62,43,3.02
123,Lake Havasu City,US,2021-05-25 20:21:16,34.4839,-114.3224,100.06,5,1,1.99
124,East London,ZA,2021-05-25 20:25:33,-33.0153,27.9116,68.2,77,100,7.63
125,Alice Springs,AU,2021-05-25 20:25:33,-23.7,133.8833,51.35,46,59,9.33
126,Markova,UA,2021-05-25 20:25:33,48.6758,24.4138,53.91,95,7,6.02
127,Nelson Bay,AU,2021-05-25 20:25:34,-32.7167,152.15,58.08,91,70,7.45
128,Chokurdakh,RU,2021-05-25 20:24:13,70.6333,147.9167,33.04,77,10,7.52
129,Hirara,JP,2021-05-25 20:25:34,24.8,125.2833,81.27,82,77,10.45
130,Fallon,US,2021-05-25 20:23:13,39.4735,-118.7774,76.87,15,40,12.66
131,Vila Velha,BR,2021-05-25 20:25:34,-20.3297,-40.2925,73.35,78,75,11.01
132,Cabedelo,BR,2021-05-25 20:23:03,-6.9811,-34.8339,81.27,79,37,11.9
133,Tabuk,PH,2021-05-25 20:25:35,17.4189,121.4443,76.23,85,12,3.38
134,Labuhan,ID,2021-05-25 20:25:35,-6.8844,112.2051,77.38,88,25,8.41
135,Mount Isa,AU,2021-05-25 20:25:35,-20.7333,139.5,65.97,59,99,3.44
136,Morgantown,US,2021-05-25 20:25:36,39.6295,-79.9559,88.9,55,20,4.61
137,Takaka,NZ,2021-05-25 20:25:36,-40.85,172.8,45.55,68,0,3.94
138,Alofi,NU,2021-05-25 20:25:36,-19.0595,-169.9187,80.49,89,75,9.22
139,Djenne,ML,2021-05-25 20:25:37,13.9061,-4.5533,96.08,30,91,10.18
140,Vardo,NO,2021-05-25 20:25:37,70.3705,31.1107,37.15,80,75,4.61
141,Guerrero Negro,MX,2021-05-25 20:25:37,27.9769,-114.0611,75.63,43,14,12.39
142,Westerland,DE,2021-05-25 20:25:38,54.9079,8.3033,50.18,86,72,16.71
143,North Bend,US,2021-05-25 20:25:38,43.4065,-124.2243,62.94,78,90,11.5
144,Bambous Virieux,MU,2021-05-25 20:25:38,-20.3428,57.7575,75.45,83,75,9.78
145,Acarau,BR,2021-05-25 20:22:21,-2.8856,-40.12,80.47,76,59,14.16
146,Yellowknife,CA,2021-05-25 20:25:39,62.456,-114.3525,44.33,45,20,9.22
147,Mogapi,BW,2021-05-25 20:25:39,-22.323,27.8349,55.94,57,1,3.78
148,Arman,RU,2021-05-25 20:25:39,59.7,150.1667,47.05,58,0,4.61
149,Aswan,EG,2021-05-25 20:25:39,24.0934,32.907,88.66,10,0,10.27
150,Bathsheba,BB,2021-05-25 20:25:40,13.2167,-59.5167,84.81,54,40,13.8
151,Puerto Escondido,MX,2021-05-25 20:23:08,15.85,-97.0667,90.43,70,75,11.5
152,Port Antonio,JM,2021-05-25 20:25:40,18.18,-76.4612,89.91,65,5,8.81
153,Vikulovo,RU,2021-05-25 20:25:41,56.8167,70.6107,60.84,64,8,8.21
154,Marystown,CA,2021-05-25 20:25:41,47.1666,-55.1483,47.17,73,100,23.64
155,Arruda Dos Vinhos,PT,2021-05-25 20:25:41,38.9841,-9.0775,65.03,52,100,12.06
156,Beringovskiy,RU,2021-05-25 20:25:42,63.05,179.3167,32.54,97,100,6.31
157,Provideniya,RU,2021-05-25 20:25:42,64.3833,-173.3,46.51,57,0,24.61
158,Upington,ZA,2021-05-25 20:25:42,-28.4478,21.2561,62.98,39,1,6.91
159,Veraval,IN,2021-05-25 20:25:43,20.9,70.3667,82.47,81,54,14.99
160,Deputatskiy,RU,2021-05-25 20:25:43,69.3,139.9,40.93,58,3,5.99
161,Tongren,CN,2021-05-25 20:25:43,27.7172,109.1853,68.4,97,98,0.85
162,Nanpara,IN,2021-05-25 20:25:44,27.8667,81.5,83.16,55,100,9.91
163,Fortuna,US,2021-05-25 20:25:44,40.5982,-124.1573,69.19,71,90,8.99
164,Singaraja,ID,2021-05-25 20:25:44,-8.112,115.0882,79.48,85,36,2.59
165,Plettenberg Bay,ZA,2021-05-25 20:25:45,-34.0527,23.3716,60.31,89,100,6.6
166,Piacabucu,BR,2021-05-25 20:25:45,-10.4056,-36.4344,77.67,78,9,6.62
167,Lagos,NG,2021-05-25 20:22:35,6.5833,3.75,82.72,82,100,4.79
168,Ewa Beach,US,2021-05-25 20:25:45,21.3156,-158.0072,84.02,66,1,8.05
169,Kaitangata,NZ,2021-05-25 20:25:46,-46.2817,169.8464,35.29,66,100,3.4
170,Singureni,RO,2021-05-25 20:25:46,44.2336,25.9433,69.48,85,100,6.38
171,Mulchen,CL,2021-05-25 20:25:46,-37.7167,-72.2333,60.66,56,100,3.74
172,Saint-Joseph,RE,2021-05-25 20:25:47,-21.3667,55.6167,70.16,81,44,9.42
173,San Patricio,US,2021-05-25 20:25:47,28.017,-97.5169,88.48,72,77,17.6
174,Cherskiy,RU,2021-05-25 20:25:47,68.75,161.3,50.63,40,100,5.57
175,Kavaratti,IN,2021-05-25 20:25:48,10.5669,72.642,83.39,77,100,16.8
176,Svetlogorsk,BY,2021-05-25 20:25:48,52.6333,29.7333,59.05,78,77,9.78
177,Alakurtti,RU,2021-05-25 20:25:48,66.9672,30.3491,42.64,81,99,2.82
178,Talnakh,RU,2021-05-25 20:25:49,69.4865,88.3972,20.62,96,48,11.59
179,Manzil Salim,TN,2021-05-25 20:25:49,35.8567,8.4765,73.4,49,16,8.5
180,Ilulissat,GL,2021-05-25 20:25:49,69.2167,-51.1,37.42,65,15,11.5
181,Kirakira,SB,2021-05-25 20:25:50,-10.4544,161.9205,76.23,79,73,9.19
182,Kangaatsiaq,GL,2021-05-25 20:25:50,68.3065,-53.4641,30.81,71,61,18.59
183,Zwedru,LR,2021-05-25 20:25:50,6.0667,-8.1281,76.05,92,88,3.56
184,Northam,GB,2021-05-25 20:25:51,51.0333,-4.2167,49.01,92,98,8.23
185,Locri,IT,2021-05-25 20:25:51,38.2414,16.2623,68.56,82,1,14.88
186,Hofn,IS,2021-05-25 20:25:52,64.2539,-15.2082,45.0,83,92,14.85
187,Champerico,GT,2021-05-25 20:25:52,14.3,-91.9167,93.74,64,99,8.68
188,Narsaq,GL,2021-05-25 20:25:52,60.9167,-46.05,43.02,63,63,3.94
189,Aban,RU,2021-05-25 20:25:52,56.67,96.06,41.81,83,100,5.75
190,Pavino,RU,2021-05-25 20:25:53,59.1139,46.1414,45.86,82,48,4.88
191,Dingle,PH,2021-05-25 20:25:53,10.9995,122.6711,78.69,84,100,3.78
192,Geraldton,AU,2021-05-25 20:25:53,-28.7667,114.6,50.13,87,36,14.81
193,Palmeiras De Goias,BR,2021-05-25 20:25:54,-16.805,-49.9258,83.48,42,8,6.67
194,Hasaki,JP,2021-05-25 20:25:54,35.7333,140.8333,57.6,74,100,9.78
195,Okhotsk,RU,2021-05-25 20:25:54,59.3833,143.3,45.93,64,87,8.19
196,Dumai,ID,2021-05-25 20:25:55,1.6833,101.45,74.84,98,61,2.35
197,Port Hedland,AU,2021-05-25 20:25:55,-20.3167,118.5667,64.45,59,90,13.8
198,Sibu,MY,2021-05-25 20:25:55,2.3,111.8167,77.31,94,40,1.36
199,Ferkessedougou,CI,2021-05-25 20:25:56,9.6,-5.2,84.06,58,58,5.1
200,Batagay-Alyta,RU,2021-05-25 20:25:56,67.8006,130.4114,43.41,65,100,3.51
201,Qeshm,IR,2021-05-25 20:25:56,26.9581,56.2719,87.69,69,0,5.14
202,Brae,GB,2021-05-25 20:25:56,60.3964,-1.353,49.91,90,100,10.56
203,Kindu,CD,2021-05-25 20:21:41,-2.95,25.95,71.98,73,50,1.79
204,Rawah,IQ,2021-05-25 20:25:57,34.4816,41.9093,83.01,21,67,1.66
205,Lagoa,PT,2021-05-25 20:25:57,39.05,-27.9833,62.83,89,100,24.11
206,Dongsheng,CN,2021-05-25 20:21:08,39.8161,109.9776,54.95,44,52,7.76
207,Tortoli,IT,2021-05-25 20:25:57,39.9256,9.6572,67.82,42,0,6.91
208,New Norfolk,AU,2021-05-25 20:25:58,-42.7826,147.0587,50.58,73,26,3.51
209,Maldonado,UY,2021-05-25 20:25:58,-34.6667,-54.9167,58.23,67,0,13.91
210,Along,IN,2021-05-25 20:25:58,28.1667,94.7667,71.19,96,94,1.66
211,Vyartsilya,RU,2021-05-25 20:25:59,62.1764,30.693,44.47,79,100,5.3
212,Nyurba,RU,2021-05-25 20:25:59,63.2842,118.3319,45.09,74,100,4.12
213,Kekri,IN,2021-05-25 20:25:59,25.9667,75.15,91.6,25,59,9.1
214,Mwene-Ditu,CD,2021-05-25 20:26:00,-7.0,23.45,65.5,50,3,5.23
215,Hay River,CA,2021-05-25 20:24:57,60.8156,-115.7999,31.98,64,20,8.05
216,Tosya,TR,2021-05-25 20:26:00,41.0155,34.0401,57.65,67,0,1.99
217,Luena,AO,2021-05-25 20:26:00,-11.7833,19.9167,54.68,63,43,2.77
218,Comodoro Rivadavia,AR,2021-05-25 20:26:01,-45.8667,-67.5,49.86,37,0,9.22
219,Penzance,GB,2021-05-25 20:26:01,50.1186,-5.5371,50.68,95,100,16.08
220,Dongfeng,CN,2021-05-25 20:26:01,42.6403,125.5118,53.49,40,100,16.98
221,Sao Filipe,CV,2021-05-25 20:26:02,14.8961,-24.4956,75.02,71,0,9.73
222,Katsuura,JP,2021-05-25 20:26:02,35.1333,140.3,66.31,70,99,3.06
223,Lensk,RU,2021-05-25 20:26:02,60.7253,114.9278,40.51,87,15,3.04
224,Tahoua,NE,2021-05-25 20:26:03,14.8888,5.2692,96.78,20,0,0.0
225,Kijang,KR,2021-05-25 20:26:03,35.2442,129.2139,56.93,45,100,5.03
226,Ribeira Grande,PT,2021-05-25 20:26:03,38.5167,-28.7,64.8,94,75,14.97
227,Abashiri,JP,2021-05-25 20:26:04,44.0213,144.2697,45.57,85,93,6.13
228,Kars,TR,2021-05-25 20:26:04,40.602,43.095,49.05,71,40,11.5
229,Hithadhoo,MV,2021-05-25 20:26:04,-0.6,73.0833,84.15,68,100,19.62
230,Honningsvag,NO,2021-05-25 20:26:05,70.9821,25.9704,38.95,60,75,5.75
231,Mlimba,TZ,2021-05-25 20:26:05,-8.8,35.8167,65.59,73,17,3.22
232,Toamasina,MG,2021-05-25 20:26:05,-18.1667,49.3833,69.8,94,40,4.61
233,Alihe,CN,2021-05-25 20:26:06,50.5667,123.7167,38.82,93,96,3.67
234,Mayo,US,2021-05-25 20:26:06,38.8876,-76.5119,82.81,70,1,4.0
235,Clyde River,CA,2021-05-25 20:26:06,70.4692,-68.5914,26.83,93,100,31.07
236,Maloy,NO,2021-05-25 20:26:07,61.9353,5.1136,61.27,74,100,17.07
237,Skibbereen,IE,2021-05-25 20:26:07,51.55,-9.2667,53.4,91,100,4.23
238,Oromocto,CA,2021-05-25 20:26:07,45.8351,-66.4792,76.24,35,75,12.66
239,Hambantota,LK,2021-05-25 20:26:07,6.1241,81.1185,80.67,73,97,21.79
240,Huescar,ES,2021-05-25 20:26:08,37.811,-2.5412,65.95,64,4,6.13
241,Faanui,PF,2021-05-25 20:26:08,-16.4833,-151.75,80.85,71,100,10.58
242,Victoria,HK,2021-05-25 20:23:06,22.2855,114.1577,85.32,90,90,1.01
243,Necochea,AR,2021-05-25 20:26:09,-38.5473,-58.7368,52.03,53,6,17.72
244,Gat,IL,2021-05-25 20:23:13,31.61,34.7642,80.4,55,0,5.14
245,Raspenava,CZ,2021-05-25 20:26:09,50.9041,15.1147,48.92,80,32,7.0
246,Kidal,ML,2021-05-25 20:26:08,18.4411,1.4078,97.83,6,72,12.1
247,Grindavik,IS,2021-05-25 20:26:09,63.8424,-22.4338,51.57,81,75,26.57
248,Aksarka,RU,2021-05-25 20:26:10,66.5606,67.7975,35.44,87,100,10.2
249,Cleburne,US,2021-05-25 20:26:10,32.3476,-97.3867,84.25,72,1,10.36
250,Seymchan,RU,2021-05-25 20:26:10,62.8833,152.4333,44.1,67,100,18.05
251,Bowen,AU,2021-05-25 20:26:11,-20.0167,148.2333,61.02,87,42,10.45
252,Praia Da Vitoria,PT,2021-05-25 20:26:11,38.7333,-27.0667,68.25,77,40,19.04
253,Hohr-Grenzhausen,DE,2021-05-25 20:26:11,50.4333,7.6667,50.68,83,95,8.08
254,Petropavlovsk-Kamchatskiy,RU,2021-05-25 20:26:12,53.0452,158.6483,36.19,75,92,5.79
255,Mar Del Plata,AR,2021-05-25 20:25:54,-38.0023,-57.5575,55.99,58,75,7.0
256,Bethel,US,2021-05-25 20:26:12,41.3712,-73.414,80.35,58,1,11.5
257,Nikolskoye,RU,2021-05-25 20:26:12,59.7035,30.7861,48.09,76,100,5.46
258,Bandarbeyla,SO,2021-05-25 20:26:13,9.4942,50.8122,79.52,83,2,25.14
259,Kavieng,PG,2021-05-25 20:26:13,-2.5744,150.7967,77.99,89,100,9.37
260,Le Moule,GP,2021-05-25 20:26:13,16.3332,-61.3473,84.24,72,94,14.29
261,Alberton,CA,2021-05-25 20:26:14,46.8168,-64.0654,60.93,62,100,25.55
262,Afsin,TR,2021-05-25 20:26:14,38.2477,36.914,58.42,49,0,4.29
263,Eyl,SO,2021-05-25 20:26:14,7.9803,49.8164,79.75,78,8,23.04
264,Maumere,ID,2021-05-25 20:26:15,-8.6199,122.2111,77.9,76,17,2.93
265,Portland,US,2021-05-25 20:26:15,45.5234,-122.6762,64.45,86,90,1.01
266,Picui,BR,2021-05-25 20:26:15,-6.5106,-36.3469,80.02,53,54,15.39
267,Manitouwadge,CA,2021-05-25 20:26:16,49.1215,-85.8403,59.72,67,68,14.38
268,That Phanom,TH,2021-05-25 20:26:16,16.9364,104.7104,76.89,90,88,4.14
269,Dharchula,IN,2021-05-25 20:26:16,29.85,80.5333,68.67,52,26,5.84
270,Zemio,CF,2021-05-25 20:26:16,5.0314,25.1361,73.45,76,54,2.37
271,Nouadhibou,MR,2021-05-25 20:26:17,20.931,-17.0347,67.98,77,25,18.41
272,Kashi,CN,2021-05-25 20:26:17,39.4547,75.9797,73.22,19,98,1.7
273,Houma,US,2021-05-25 20:24:37,29.5958,-90.7195,87.01,66,40,12.66
274,Naze,JP,2021-05-25 20:26:18,28.3667,129.4833,69.39,64,100,1.05
275,Ulaangom,MN,2021-05-25 20:26:18,49.9811,92.0667,60.03,39,78,8.37
276,Neiafu,TO,2021-05-25 20:26:18,-18.65,-173.9833,70.48,88,90,6.91
277,Evensk,RU,2021-05-25 20:26:19,61.95,159.2333,37.29,96,100,21.9
278,Waiouru,NZ,2021-05-25 20:26:19,-39.4833,175.6667,38.62,80,30,5.03
279,Tezu,IN,2021-05-25 20:26:19,27.9167,96.1667,77.76,74,80,3.27
280,Abha,SA,2021-05-25 20:26:19,18.2164,42.5053,69.62,52,20,0.54
281,Kloulklubed,PW,2021-05-25 20:22:25,7.0419,134.2556,75.7,74,43,3.42
282,Rafaela,AR,2021-05-25 20:26:20,-31.2503,-61.4867,67.98,30,0,3.0
283,Kutum,SD,2021-05-25 20:26:20,14.2,24.6667,83.37,18,94,6.26
284,Tura,IN,2021-05-25 20:26:20,25.5198,90.2201,73.56,97,100,5.39
285,Gohana,IN,2021-05-25 20:26:21,29.1333,76.7,88.59,20,0,6.31
286,Lasa,IT,2021-05-25 20:26:21,46.6166,10.7002,50.88,74,4,2.06
287,Banda Aceh,ID,2021-05-25 20:26:21,5.5577,95.3222,80.62,80,91,7.76
288,Carutapera,BR,2021-05-25 20:26:22,-1.195,-46.02,82.76,74,13,8.93
289,La Ronge,CA,2021-05-25 20:23:16,55.1001,-105.2842,39.42,60,75,14.97
290,Letka,RU,2021-05-25 20:26:22,59.6011,49.4232,49.48,75,94,6.76
291,Kurilsk,RU,2021-05-25 20:26:22,45.2333,147.8833,39.4,97,96,11.03
292,Ustka,PL,2021-05-25 20:26:23,54.5805,16.8619,48.43,91,40,9.44
293,Takahagi,JP,2021-05-25 20:26:23,36.7167,140.7167,63.09,50,5,14.34
294,Gogrial,SS,2021-05-25 20:26:23,8.5332,28.1004,84.81,50,48,2.84
295,Lobito,AO,2021-05-25 20:26:23,-12.3481,13.5456,76.77,78,4,3.58
296,Lebu,CL,2021-05-25 20:26:24,-37.6167,-73.65,57.97,79,83,4.56
297,Dicabisagan,PH,2021-05-25 20:26:24,17.0818,122.4157,79.88,78,7,3.0
298,Kruisfontein,ZA,2021-05-25 20:26:24,-34.0033,24.7314,60.89,93,69,6.8
299,Rorvik,NO,2021-05-25 20:26:25,64.8621,11.2373,55.38,76,0,16.11
300,Kenai,US,2021-05-25 20:26:25,60.5544,-151.2583,67.03,44,1,8.05
301,Bandar,ID,2021-05-25 20:26:25,2.05,99.75,73.56,98,100,1.83
302,Iskateley,RU,2021-05-25 20:26:26,67.6803,53.1512,31.75,67,66,9.98
303,Paamiut,GL,2021-05-25 20:26:26,61.994,-49.6678,33.24,74,97,6.17
304,Novikovo,RU,2021-05-25 20:26:26,51.1537,37.8879,58.35,74,99,5.19
305,Aykhal,RU,2021-05-25 20:26:27,66.0,111.5,38.39,96,100,5.93
306,Sinnamary,GF,2021-05-25 20:26:27,5.3833,-52.95,81.34,85,100,7.49
307,Zhigansk,RU,2021-05-25 20:26:27,66.7697,123.3711,48.02,56,100,3.6
308,Saint George,US,2021-05-25 20:26:27,37.1041,-113.5841,90.39,12,1,3.0
309,Sibolga,ID,2021-05-25 20:26:28,1.7427,98.7792,77.05,90,81,3.31
310,Nova Olinda Do Norte,BR,2021-05-25 20:26:28,-3.8881,-59.0942,83.5,75,98,1.43
311,Grand Gaube,MU,2021-05-25 20:26:28,-20.0064,57.6608,75.6,82,11,1.99
312,Santana Do Livramento,BR,2021-05-25 20:26:29,-30.8908,-55.5328,60.67,62,0,6.55
313,Nome,US,2021-05-25 20:26:29,64.5011,-165.4064,66.27,27,1,10.36
314,Fairbanks,US,2021-05-25 20:26:29,64.8378,-147.7164,67.96,34,20,9.22
315,Graz,AT,2021-05-25 20:26:30,47.0667,15.45,46.06,73,99,1.99
316,Huarmey,PE,2021-05-25 20:26:30,-10.0681,-78.1522,71.28,74,11,7.85
317,Syracuse,IT,2021-05-25 20:25:36,37.0881,15.2792,71.44,84,26,12.73
318,Margate,GB,2021-05-25 20:26:31,51.3813,1.3862,53.91,70,35,4.0
319,Lillooet,CA,2021-05-25 20:26:31,50.6856,-121.942,66.96,70,100,3.09
320,Fort Nelson,CA,2021-05-25 20:26:31,58.8053,-122.7002,44.19,36,90,8.05
321,Wanning,CN,2021-05-25 20:26:31,18.8003,110.3967,81.18,86,21,8.99
322,Hangu,CN,2021-05-25 20:26:32,39.2489,117.7892,59.04,59,100,9.35
323,Huron,US,2021-05-25 20:26:32,41.1501,-82.5499,87.26,48,92,15.12
324,Pskov,RU,2021-05-25 20:24:12,57.8136,28.3496,55.31,76,75,4.47
325,Bouar,CF,2021-05-25 20:26:33,5.934,15.596,71.92,75,69,1.99
326,Airai,TL,2021-05-25 20:26:33,-8.9266,125.4092,58.08,93,35,3.44
327,Pierre,US,2021-05-25 20:26:33,44.3683,-100.351,79.0,65,1,8.01
328,Lakhipur,IN,2021-05-25 20:26:33,26.0299,90.3041,75.43,98,100,9.33
329,Teguldet,RU,2021-05-25 20:26:34,57.3064,88.1667,41.59,97,100,2.71
330,Sao Luiz Gonzaga,BR,2021-05-25 20:26:34,-28.4083,-54.9608,62.29,57,0,3.58
331,Nichinan,JP,2021-05-25 20:26:34,31.6,131.3667,64.76,76,100,6.93
332,Lubango,AO,2021-05-25 20:26:35,-14.9172,13.4925,57.99,44,9,1.86
333,Lorengau,PG,2021-05-25 20:26:35,-2.0226,147.2712,77.43,94,100,6.08
334,Pangnirtung,CA,2021-05-25 20:26:35,66.1451,-65.7125,32.0,69,90,13.8
335,Chegdomyn,RU,2021-05-25 20:26:36,51.1167,133.0167,41.31,93,100,2.68
336,Mujiayingzi,CN,2021-05-25 20:26:36,42.1167,118.7833,54.0,64,99,5.86
337,Makakilo City,US,2021-05-25 20:26:36,21.3469,-158.0858,82.62,65,1,8.05
338,Igrim,RU,2021-05-25 20:26:37,63.1906,64.4162,48.22,88,95,4.72
339,Kakching,IN,2021-05-25 20:26:37,24.4833,93.9833,73.04,79,95,4.25
340,Shimoda,JP,2021-05-25 20:26:37,34.6667,138.95,58.1,53,68,18.61
341,Turinsk,RU,2021-05-25 20:26:37,58.0458,63.696,55.02,86,72,5.82
342,Lanivtsi,UA,2021-05-25 20:26:38,49.8633,26.0908,58.71,90,70,11.81
343,Neryungri,RU,2021-05-25 20:26:38,56.6709,124.6491,32.56,97,99,1.77
344,Maniitsoq,GL,2021-05-25 20:26:38,65.4167,-52.9,30.34,70,16,4.47
345,Kahului,US,2021-05-25 20:24:10,20.8947,-156.47,83.97,70,40,6.91
346,Stranda,NO,2021-05-25 20:26:39,62.3096,6.9358,60.98,69,100,3.36
347,Quelimane,MZ,2021-05-25 20:26:39,-17.8786,36.8883,67.95,94,0,4.61
348,Zhanakorgan,KZ,2021-05-25 20:26:39,43.9098,67.2495,79.61,28,38,7.25
349,Coyaima,CO,2021-05-25 20:26:40,3.7994,-75.1947,85.89,59,16,8.28
350,Ponta Delgada,PT,2021-05-25 20:26:40,37.7333,-25.6667,66.92,77,75,11.5
351,Surt,LY,2021-05-25 20:26:40,31.2089,16.5887,72.09,75,2,8.79
352,Gornopravdinsk,RU,2021-05-25 20:26:41,60.05,69.9,54.91,77,100,5.88
353,Bontang,ID,2021-05-25 20:26:41,0.1333,117.5,78.22,87,100,3.04
354,Anadyr,RU,2021-05-25 20:26:41,64.75,177.4833,45.1,65,40,28.99
355,Basco,PH,2021-05-25 20:26:42,20.4487,121.9702,84.18,64,6,9.31
356,Salym,RU,2021-05-25 20:26:42,60.0625,71.4789,50.86,88,85,4.34
357,Fernie,CA,2021-05-25 20:26:42,49.5,-115.0687,55.49,98,100,3.15
358,Cullman,US,2021-05-25 20:26:43,34.1748,-86.8436,90.52,39,1,4.23
359,Murgab,TM,2021-05-25 20:26:43,37.4966,61.9714,76.87,41,0,4.68
360,Lombog,PH,2021-05-25 20:26:44,9.7788,124.4174,74.8,84,98,1.45
361,Constitucion,CL,2021-05-25 20:23:56,-35.3333,-72.4167,61.18,66,100,12.28
362,Panaba,MX,2021-05-25 20:26:44,21.2833,-88.2667,90.16,47,99,11.95
363,Morondava,MG,2021-05-25 20:26:44,-20.2833,44.2833,72.01,77,0,6.91
364,Azare,NG,2021-05-25 20:26:45,11.6765,10.1948,89.46,15,16,4.94
365,Udachnyy,RU,2021-05-25 20:26:45,66.4167,112.4,42.8,85,100,8.3
366,Adrar,MR,2021-05-25 20:26:45,20.5022,-10.0711,93.87,14,100,14.12
367,Zaysan,KZ,2021-05-25 20:26:46,47.4667,84.8667,64.53,38,5,10.13
368,Newport,GB,2021-05-25 20:22:37,51.5877,-2.9984,51.46,88,35,6.73
369,Flinders,AU,2021-05-25 20:23:13,-34.5833,150.8552,59.2,69,65,1.01
370,Ishigaki,JP,2021-05-25 20:26:46,24.3448,124.1572,82.31,78,22,11.25
371,Kibala,TD,2021-05-25 20:26:46,9.1104,18.3463,87.75,55,0,0.0
372,Adeje,ES,2021-05-25 20:26:47,28.1227,-16.726,69.01,66,20,7.0
373,Pustoshka,RU,2021-05-25 20:26:47,56.3355,29.369,52.32,92,100,5.93
374,Outlook,CA,2021-05-25 20:26:47,51.5001,-107.0513,46.09,72,100,14.88
375,La Tuque,CA,2021-05-25 20:24:19,47.4334,-72.7824,61.05,100,100,3.44
376,Nishihara,JP,2021-05-25 20:26:48,26.1842,127.7558,76.68,94,75,7.11
377,Henties Bay,NA,2021-05-25 20:26:48,-22.116,14.2845,65.5,73,0,10.94
378,Rutul,RU,2021-05-25 20:26:49,41.5357,47.4239,54.5,86,99,1.68
379,Guryevsk,RU,2021-05-25 20:26:49,54.2833,85.9333,59.63,96,99,4.92
380,Oudtshoorn,ZA,2021-05-25 20:25:09,-33.5907,22.2014,53.96,87,85,3.62
381,Shache,CN,2021-05-25 20:26:49,38.4167,77.2406,67.15,17,67,4.99
382,Saint Anthony,US,2021-05-25 20:22:25,45.0205,-93.218,87.35,39,20,5.01
383,Krutinka,RU,2021-05-25 20:22:06,56.0055,71.5113,61.93,76,6,8.43
384,Kautokeino,NO,2021-05-25 20:26:50,69.0125,23.0412,31.96,93,85,4.29
385,Husavik,IS,2021-05-25 20:26:50,66.0449,-17.3389,53.51,68,16,11.01
386,Novaya Igirma,RU,2021-05-25 20:26:51,57.1334,103.9112,37.27,96,100,1.9
387,Da Lat,VN,2021-05-25 20:26:51,11.9465,108.4419,59.54,99,100,2.17
388,Koupela,BF,2021-05-25 20:26:51,12.1794,-0.3517,97.09,29,84,7.72
389,Codrington,AU,2021-05-25 20:26:52,-38.2667,141.9667,52.21,76,92,24.38
390,Westport,US,2021-05-25 20:26:52,41.1415,-73.3579,80.98,55,1,1.01
391,Terrace Bay,CA,2021-05-25 20:26:52,48.7834,-87.1,60.42,97,99,6.22
392,San Lawrenz,MT,2021-05-25 20:26:53,36.0553,14.204,66.85,86,5,9.55
393,Bereznik,RU,2021-05-25 20:26:53,62.8551,42.7072,37.72,97,100,6.85
394,Mabaruma,GY,2021-05-25 20:26:53,8.2,-59.7833,82.51,70,51,5.46
395,Levelland,US,2021-05-25 20:26:54,33.5873,-102.378,88.2,29,0,8.79
396,Araouane,ML,2021-05-25 20:26:54,18.9048,-3.5265,101.97,14,100,9.4
397,Okha,RU,2021-05-25 20:26:54,53.5739,142.9478,32.95,93,100,6.89
398,Isilkul,RU,2021-05-25 20:26:55,54.9109,71.2728,72.63,42,5,3.13
399,Chaiya,TH,2021-05-25 20:26:55,9.3862,99.1986,80.11,93,100,5.57
400,Pedernales,DO,2021-05-25 20:26:55,18.0384,-71.744,86.52,62,13,4.65
401,Slonim,BY,2021-05-25 20:26:55,53.0867,25.3219,57.61,96,100,10.13
402,Gandzak,AM,2021-05-25 20:26:56,40.3147,45.1114,49.37,85,100,1.97
403,Loreto,MX,2021-05-25 20:26:56,22.2667,-101.9667,83.01,22,4,1.14
404,Bell Ville,AR,2021-05-25 20:26:56,-32.6259,-62.6887,64.71,50,3,4.14
405,Durg,IN,2021-05-25 20:26:57,21.1833,81.2833,87.66,16,99,7.92
406,Mitsamiouli,KM,2021-05-25 20:26:57,-11.3847,43.2844,78.1,71,41,11.18
407,Mataro,ES,2021-05-25 20:26:57,41.5421,2.4445,62.47,74,78,1.01
408,Cornedo Vicentino,IT,2021-05-25 20:26:58,45.6131,11.3406,59.36,69,30,4.0
409,Caucaia,BR,2021-05-25 20:26:58,-3.7361,-38.6531,84.15,68,0,7.02
410,Tautira,PF,2021-05-25 20:26:58,-17.7333,-149.15,86.02,75,49,7.52
411,Palmer,US,2021-05-25 20:26:58,42.1584,-72.3287,80.92,53,75,5.99
412,Broome,US,2021-05-25 20:26:59,42.2506,-75.833,82.45,60,20,1.99
413,Namibe,AO,2021-05-25 20:26:59,-15.1961,12.1522,73.47,76,1,3.56
414,Iberia,US,2021-05-25 20:27:00,29.9502,-91.7507,85.98,65,20,13.47
415,Skjervoy,NO,2021-05-25 20:27:00,70.0311,20.9714,40.23,65,10,9.26
416,Le Port,RE,2021-05-25 20:27:00,-20.9373,55.2919,71.56,77,11,4.47
417,Lumut,MY,2021-05-25 20:27:01,4.2323,100.6298,77.02,94,20,1.14
418,Merauke,ID,2021-05-25 20:25:07,-8.4667,140.3333,74.59,88,19,12.48
419,Tateyama,JP,2021-05-25 20:27:01,34.9833,139.8667,66.22,63,100,4.72
420,Puerto Narino,CO,2021-05-25 20:27:01,-3.7703,-70.3831,82.35,81,96,3.06
421,Sosnovo-Ozerskoye,RU,2021-05-25 20:27:02,52.5249,111.5418,34.38,93,100,5.55
422,Le Pradet,FR,2021-05-25 20:27:02,43.1066,6.0172,67.64,54,0,14.97
423,Puerto Del Rosario,ES,2021-05-25 20:27:02,28.5004,-13.8627,67.75,64,40,23.02
424,Orsk,RU,2021-05-25 20:27:03,51.2049,58.5668,72.5,43,75,6.02
425,Tabou,CI,2021-05-25 20:27:03,4.423,-7.3528,80.4,84,55,6.24
426,Kintinku,TZ,2021-05-25 20:27:03,-5.8833,35.2333,69.26,58,100,7.67
427,Kissidougou,GN,2021-05-25 20:27:04,9.1848,-10.0999,74.03,88,65,3.56
428,Puerto Baquerizo Moreno,EC,2021-05-25 20:22:43,-0.9,-89.6,79.79,74,20,14.97
429,Palencia,ES,2021-05-25 20:27:04,42.4167,-4.5,55.92,71,100,9.66
430,Itoman,JP,2021-05-25 20:27:04,26.1247,127.6694,77.4,94,75,5.75
431,Buala,SB,2021-05-25 20:27:05,-8.145,159.5921,79.81,84,98,12.3
432,Kochubey,RU,2021-05-25 20:27:05,44.3861,46.5825,63.79,80,75,17.36
433,Salta,AR,2021-05-25 20:27:05,-24.7859,-65.4117,68.29,44,0,4.0
434,Englewood,US,2021-05-25 20:22:43,39.6478,-104.9878,78.91,22,20,3.0
435,San Quintin,MX,2021-05-25 20:27:06,30.4833,-115.95,69.35,60,40,10.71
436,Haapsalu,EE,2021-05-25 20:27:06,58.9431,23.5414,58.01,72,100,14.94
437,Lata,PT,2021-05-25 20:27:06,40.1629,-8.3327,67.71,77,99,3.36
438,Rio Grande,BR,2021-05-25 20:27:07,-32.035,-52.0986,68.11,58,0,13.04
439,West Bay,KY,2021-05-25 20:27:07,19.3667,-81.4167,87.08,77,40,3.0
440,Sassandra,CI,2021-05-25 20:27:07,4.95,-6.0833,79.81,84,99,5.86
441,Guanica,PR,2021-05-25 20:27:07,17.9716,-66.908,87.26,64,49,8.99
442,Marawi,PH,2021-05-25 20:27:08,7.9986,124.2928,66.65,86,100,1.36
443,Koscian,PL,2021-05-25 20:27:08,52.0883,16.6487,52.48,77,55,13.2
444,Faya,SA,2021-05-25 20:27:08,18.3851,42.4509,69.91,42,61,0.81
445,Sola,VU,2021-05-25 20:27:09,-13.8833,167.55,77.5,60,98,16.67
446,Sijunjung,ID,2021-05-25 20:27:09,-0.6876,100.9537,72.54,99,100,1.07
447,Dawlatabad,AF,2021-05-25 20:27:09,36.4141,64.9053,80.26,12,0,3.13
448,Nanortalik,GL,2021-05-25 20:27:09,60.1432,-45.2371,34.72,69,42,7.09
449,Kysyl-Syr,RU,2021-05-25 20:27:10,63.8986,122.7617,45.48,89,100,3.83
450,Velsk,RU,2021-05-25 20:27:10,61.0701,42.0983,40.53,87,100,6.51
451,Ponta Do Sol,PT,2021-05-25 20:27:10,32.6667,-17.1,66.83,55,91,6.08
452,Portoviejo,EC,2021-05-25 20:27:11,-1.05,-80.45,83.61,72,99,6.46
453,Thinadhoo,MV,2021-05-25 20:27:11,0.5333,72.9333,84.2,66,100,20.27
454,Mezhdurechensk,RU,2021-05-25 20:27:11,53.6942,88.0603,56.17,98,98,1.97
455,Gallup,US,2021-05-25 20:27:12,35.5281,-108.7426,77.76,7,1,5.75
456,Oktyabrskiy,RU,2021-05-25 20:27:12,54.4815,53.471,54.7,83,91,11.56
457,Bafq,IR,2021-05-25 20:27:12,31.6128,55.4107,85.12,20,71,1.66
458,Bud,US,2021-05-25 20:27:13,39.447,-86.1758,87.24,56,100,11.12
459,Polunochnoye,RU,2021-05-25 20:27:13,60.8697,60.4153,53.78,65,100,0.51
460,Valky,UA,2021-05-25 20:27:13,49.8387,35.6207,63.75,87,100,5.88
461,Olinda,BR,2021-05-25 20:22:24,-8.0089,-34.8553,78.53,69,40,9.06
462,Baruun-Urt,MN,2021-05-25 20:27:14,46.6806,113.2792,43.02,66,21,8.5
463,Genhe,CN,2021-05-25 20:27:14,50.7833,121.5167,33.66,97,88,3.53
464,Stolin,BY,2021-05-25 20:27:14,51.8912,26.846,58.44,92,100,10.13
465,The Valley,AI,2021-05-25 20:27:15,18.217,-63.0578,87.66,73,16,16.71
466,Svetlyy,RU,2021-05-25 20:27:15,54.675,20.1347,51.85,92,98,5.55
467,Avera,US,2021-05-25 20:27:15,33.194,-82.5271,94.71,34,72,5.68
468,Raga,SS,2021-05-25 20:27:16,8.4596,25.678,80.06,56,59,1.88
469,Glassboro,US,2021-05-25 20:27:16,39.7029,-75.1118,76.91,63,84,3.0
470,Sol-Iletsk,RU,2021-05-25 20:27:16,51.1631,54.9918,73.22,31,30,3.74
471,Finale Emilia,IT,2021-05-25 20:27:16,44.8346,11.2939,62.87,72,1,3.62
472,Port Hardy,CA,2021-05-25 20:27:17,50.6996,-127.4199,53.6,71,90,8.05
473,Launceston,AU,2021-05-25 20:27:17,-41.45,147.1667,52.81,92,90,3.0
474,Ixtapa,MX,2021-05-25 20:27:17,20.7,-105.2,85.23,58,40,12.66
475,Southbridge,US,2021-05-25 20:27:18,42.0751,-72.0334,80.33,57,56,1.01
476,Paris,FR,2021-05-25 20:24:09,48.8534,2.3488,54.25,83,90,1.01
477,Jibuti,DJ,2021-05-25 20:27:18,11.5,42.5,81.82,55,30,9.89
478,El Burrion,MX,2021-05-25 20:27:18,25.5333,-108.4,99.05,25,100,3.0
479,Iqaluit,CA,2021-05-25 20:27:19,63.7506,-68.5145,29.93,86,90,20.0
480,Kamakwie,SL,2021-05-25 20:27:19,9.5,-12.2333,81.84,66,98,5.17
481,Hit,IQ,2021-05-25 20:27:19,33.6416,42.8251,84.34,19,29,11.21
482,Pipri,IN,2021-05-25 20:27:20,19.8,75.5333,83.01,54,100,16.58
483,Altay,CN,2021-05-25 20:27:20,47.8667,88.1167,61.93,23,3,7.38
484,Sobolevo,RU,2021-05-25 20:27:20,54.4299,31.8996,56.98,73,97,7.67
485,Coffs Harbour,AU,2021-05-25 20:27:20,-30.3,153.1333,57.16,92,5,8.05
486,Cockburn Town,TC,2021-05-25 20:27:12,21.4612,-71.1419,84.16,65,40,11.5
487,San Juan De Los Morros,VE,2021-05-25 20:27:21,9.9115,-67.3538,92.43,33,31,6.78
488,Aksum,ET,2021-05-25 20:27:21,14.1245,38.7244,69.06,40,74,2.33
489,Killybegs,IE,2021-05-25 20:27:22,54.6333,-8.45,49.71,78,14,12.24
490,Laguna,US,2021-05-25 20:27:22,38.421,-121.4238,84.45,33,1,5.01
491,Erzin,TR,2021-05-25 20:27:22,36.9559,36.2,74.12,64,0,2.19
492,Bartica,GY,2021-05-25 20:27:23,6.4,-58.6167,86.32,96,100,3.0
493,Quatre Cocos,MU,2021-05-25 20:27:23,-20.2078,57.7625,75.31,77,25,9.4
494,Saint-Ambroise,CA,2021-05-25 20:27:23,48.5501,-71.3324,64.72,94,100,13.96
495,Camana,PE,2021-05-25 20:27:24,-16.6228,-72.7111,70.38,71,37,6.4
496,Teahupoo,PF,2021-05-25 20:27:24,-17.8333,-149.2667,80.56,76,55,7.83
497,Pescia,IT,2021-05-25 20:27:24,43.897,10.6904,60.64,83,0,1.01
498,Salalah,OM,2021-05-25 20:27:24,17.0151,54.0924,84.29,74,20,6.91
499,Khartoum,SD,2021-05-25 20:27:11,15.5518,32.5324,95.54,8,5,10.76
500,Conselheiro Pena,BR,2021-05-25 20:27:25,-19.1722,-41.4722,77.07,73,100,3.98
501,Honiara,SB,2021-05-25 20:25:24,-9.4333,159.95,76.68,88,58,4.05
502,Dzilam Gonzalez,MX,2021-05-25 20:27:25,21.2833,-88.9333,87.13,56,100,6.82
503,Myitkyina,MM,2021-05-25 20:27:26,25.3833,97.4,74.7,98,96,0.83
504,Inhambane,MZ,2021-05-25 20:27:26,-23.865,35.3833,65.89,71,0,3.15
505,Zhangye,CN,2021-05-25 20:27:27,38.9342,100.4517,59.76,20,70,9.04
506,Bima,ID,2021-05-25 20:26:24,-8.4667,118.7167,72.97,94,26,4.03
507,Rudnogorsk,RU,2021-05-25 20:27:27,57.2639,103.7519,35.47,96,100,1.7
508,Luwuk,ID,2021-05-25 20:27:27,-0.9516,122.7875,77.7,83,87,4.34
509,Ayame,CI,2021-05-25 20:27:28,5.6083,-3.1563,76.69,92,99,4.23
510,Meulaboh,ID,2021-05-25 20:27:28,4.1363,96.1285,78.53,85,100,5.88
511,Salisbury,GB,2021-05-25 20:27:28,51.0693,-1.7957,50.38,93,75,3.44
512,Haren,DE,2021-05-25 20:27:28,52.7833,7.2333,50.25,94,83,8.37
513,Amapa,BR,2021-05-25 20:27:29,1.0,-52.0,79.59,90,100,4.23
514,Devanhalli,IN,2021-05-25 20:27:29,13.2325,77.6992,70.03,100,75,5.75
515,Mwinilunga,ZM,2021-05-25 20:27:29,-11.7358,24.4293,54.99,62,3,3.94
516,Khani,GE,2021-05-25 20:27:30,41.9563,42.9566,53.17,98,81,1.36
517,Ranong,TH,2021-05-25 20:27:30,9.9658,98.6348,78.53,84,100,5.21
518,Saint-Augustin,CA,2021-05-25 20:27:30,51.226,-58.6502,61.72,46,100,21.18
519,San Carlos De Bariloche,AR,2021-05-25 20:27:07,-41.1456,-71.3082,44.35,76,75,11.65
520,Dayong,CN,2021-05-25 20:27:31,25.0209,118.2898,78.48,92,37,2.48
521,Yulara,AU,2021-05-25 20:27:31,-25.2406,130.9889,40.84,70,24,4.61
522,Boromlya,UA,2021-05-25 20:27:31,50.6184,34.9704,58.42,85,99,4.54
523,Zabol,AF,2021-05-25 20:27:32,32.25,67.25,68.72,24,0,2.55
524,Mogadishu,SO,2021-05-25 20:27:32,2.0371,45.3438,79.2,77,0,17.09
525,Vila Franca Do Campo,PT,2021-05-25 20:27:32,37.7167,-25.4333,66.61,76,100,10.09
526,Yantzaza,EC,2021-05-25 20:27:33,-3.8278,-78.7594,71.13,97,100,1.57
527,Port Blair,IN,2021-05-25 20:27:33,11.6667,92.75,82.6,84,85,21.21
528,Wangkui,CN,2021-05-25 20:27:33,46.8333,126.5,47.86,36,14,4.29
529,Havoysund,NO,2021-05-25 20:27:33,70.9963,24.6622,39.43,65,14,3.49
530,La Rioja,ES,2021-05-25 20:27:34,42.25,-2.5,51.04,84,11,1.72
531,Boyolangu,ID,2021-05-25 20:27:34,-8.1181,111.8935,74.84,94,91,2.28
532,Auki,SB,2021-05-25 20:27:34,-8.7676,160.7034,76.73,87,100,8.57
533,Botou,CN,2021-05-25 20:27:35,38.0667,116.5667,74.37,39,100,18.66
534,Camocim,BR,2021-05-25 20:27:35,-2.9022,-40.8411,82.42,76,32,11.52
